epoch,time,train/box_loss,train/seg_loss,train/cls_loss,train/dfl_loss,train/sem_loss,metrics/precision(B),metrics/recall(B),metrics/mAP50(B),metrics/mAP50-95(B),metrics/precision(M),metrics/recall(M),metrics/mAP50(M),metrics/mAP50-95(M),val/box_loss,val/seg_loss,val/cls_loss,val/dfl_loss,val/sem_loss,lr/pg0,lr/pg1,lr/pg2
1,26.6928,1.9691,3.61745,6.53831,2.11484,0,0.02222,0.03571,0.0096,0.00311,0.00158,0.41964,0.00155,0.00047,2.21156,5.52921,7.60543,2.54351,0,8.335e-05,8.335e-05,8.335e-05
2,29.7146,1.65594,2.81292,5.10565,1.8043,0,0.74332,0.25,0.29033,0.13072,0.71006,0.25,0.23053,0.10356,1.46209,1.69625,7.20326,1.73975,0,0.000181555,0.000181555,0.000181555
3,33.1545,0.94349,1.2322,2.47823,1.16528,0,0.59122,0.54464,0.64233,0.47307,0.26676,0.41964,0.267,0.16015,1.11666,5.48816,3.51728,1.49478,0,0.000277779,0.000277779,0.000277779
4,36.3388,0.87979,1.09737,1.96659,1.08336,0,0.69947,0.5,0.6123,0.34191,0.69947,0.5,0.60561,0.3314,1.45009,2.9925,4.27073,1.95744,0,0.000372023,0.000372023,0.000372023
5,39.7167,0.85723,0.98517,1.43091,1.02109,0,0.69124,0.57602,0.7148,0.49276,0.20421,0.1875,0.11184,0.03845,1.26558,15.9733,3.05804,1.92883,0,0.000464286,0.000464286,0.000464286
6,42.853,0.83872,0.89816,1.33905,1.01501,0,0.54388,0.60595,0.51105,0.34486,0.44318,0.35692,0.29166,0.11836,1.3935,11.4244,3.0098,1.92258,0,0.000554569,0.000554569,0.000554569
7,45.9674,0.77715,0.87056,1.09369,1.02103,0,0.20654,0.13029,0.09762,0.04603,0,0,0,0,1.95607,13.7911,15.4657,2.66139,0,0.000642872,0.000642872,0.000642872
8,49.1499,0.82435,0.94533,1.13026,1.04096,0,0.01379,0.10714,0.00859,0.00275,0.00653,0.03571,0.00235,0.00064,2.97411,7.9766,26.3592,3.95766,0,0.000729194,0.000729194,0.000729194
9,52.2817,0.70292,0.78251,0.93589,0.99136,0,0.16377,0.40179,0.1367,0.06911,0.15969,0.36607,0.12515,0.04527,2.0215,4.15066,4.82816,2.86943,0,0.000813536,0.000813536,0.000813536
10,55.4667,0.75921,0.71992,0.93944,1.04252,0,0.43013,0.75,0.58838,0.35401,0.42272,0.67857,0.57375,0.23437,1.25807,3.81824,5.34346,1.77112,0,0.000895897,0.000895897,0.000895897
11,58.6535,0.80071,0.85922,0.96291,1.04427,0,0.60517,0.3125,0.3622,0.22565,0.60517,0.3125,0.35632,0.20064,1.67764,3.05681,3.28512,2.28585,0,0.000976279,0.000976279,0.000976279
12,61.746,0.76777,0.76307,0.92099,1.0386,0,0.35149,0.33036,0.24003,0.17041,0.32454,0.25893,0.1937,0.14723,2.48387,4.80296,4.09665,3.02138,0,0.00105468,0.00105468,0.00105468
13,64.8481,0.88871,0.77763,0.98693,1.05163,0,0.08496,0.23214,0.04308,0.02173,0.08496,0.23214,0.04523,0.0171,2.37634,4.30869,4.35968,2.59248,0,0.0011311,0.0011311,0.0011311
14,68.0439,0.8127,0.86019,0.86039,1.03392,0,0.034,0.10714,0.01858,0.0094,0.02644,0.07143,0.02606,0.00697,2.67917,12.1997,3.83646,3.08926,0,0.00120554,0.00120554,0.00120554
15,71.1576,0.86393,0.84878,0.84943,1.06589,0,0.25003,0.29464,0.21318,0.12958,0.24543,0.25893,0.18386,0.08789,2.53878,7.1588,9.84487,3.3575,0,0.001278,0.001278,0.001278
16,74.3459,1.01969,0.96371,1.14455,1.16312,0,0.0161,0.10714,0.01149,0.00467,0.02029,0.14286,0.01592,0.00415,2.14509,9.30649,8.37172,2.94125,0,0.00134848,0.00134848,0.00134848
17,77.4304,0.86763,0.78833,0.96541,1.11529,0,0.10674,0.29464,0.05927,0.04261,0.11881,0.16071,0.05586,0.03664,2.36508,44.3695,12.2965,4.1227,0,0.00140295,0.00140295,0.00140295
18,80.5956,0.89148,0.75122,0.90819,1.05775,0,0.08706,0.13393,0.03678,0.01885,0.04973,0.25893,0.01993,0.01143,2.3826,103.519,6.72401,5.17416,0,0.00138644,0.00138644,0.00138644
19,83.7423,0.78955,0.77694,0.88926,1.03563,0,0.03009,0.09821,0.0056,0.00431,0.02648,0.0625,0.00462,0.00408,2.81471,77.6656,7.55083,4.05606,0,0.00136994,0.00136994,0.00136994
20,86.9062,0.81387,0.6985,0.8511,1.03737,0,0.5407,0.07143,0.01752,0.00585,0.00125,0.23214,0.00202,0.00143,2.54875,10.6323,5.56897,2.89054,0,0.00135344,0.00135344,0.00135344
21,90.0485,0.85609,0.90257,0.88122,1.02517,0,0.01823,0.07143,0.00688,0.00127,0.00958,0.07143,0.00233,0.00031,3.28071,101.448,7.19909,4.28274,0,0.00133693,0.00133693,0.00133693
22,93.228,0.82477,0.73084,0.86698,1.04636,0,0.00164,0.40179,0.00137,0.00034,0,0,0,0,4.02151,575.409,27.2249,9.20598,0,0.00132043,0.00132043,0.00132043
23,96.3594,0.76392,0.77272,0.74821,0.99734,0,0.00319,0.25,0.00278,0.00081,0.00294,0.03571,0.00035,7e-05,3.30668,205.82,19.1075,4.99993,0,0.00130393,0.00130393,0.00130393
24,99.5266,0.74183,0.75055,0.70343,0.98438,0,0.0372,0.10714,0.02554,0.01399,0.0372,0.10714,0.02189,0.00583,2.02905,31.4503,6.34034,2.33374,0,0.00128742,0.00128742,0.00128742
25,102.591,0.71677,0.74257,0.75385,0.98138,0,0.39914,0.41071,0.26783,0.1765,0.42814,0.44643,0.312,0.16994,1.72478,6.15023,3.33337,2.09767,0,0.00127092,0.00127092,0.00127092
26,105.719,0.72345,0.69799,0.71071,0.98733,0,0.69956,0.59241,0.74179,0.48331,0.68865,0.5545,0.72286,0.4659,1.25174,1.8528,2.88892,1.56904,0,0.00125442,0.00125442,0.00125442
27,108.979,0.68191,0.62967,0.65241,0.95522,0,0.86276,0.34677,0.59129,0.37205,0.91217,0.375,0.5834,0.33445,1.15455,2.62137,2.63237,1.41991,0,0.00123791,0.00123791,0.00123791
28,112.186,0.67214,0.60762,0.6748,0.94264,0,0.76409,0.71917,0.87487,0.64756,0.76409,0.71917,0.83862,0.59021,0.86316,1.51034,1.92018,1.18923,0,0.00122141,0.00122141,0.00122141
29,115.57,0.68385,0.64419,0.64453,0.9574,0,0.82303,0.92857,0.93301,0.72908,0.82303,0.92857,0.93301,0.59734,0.73716,1.45091,1.526,1.06042,0,0.00120491,0.00120491,0.00120491
30,118.885,0.69145,0.67552,0.657,0.9786,0,0.76495,0.83929,0.84454,0.69334,0.76495,0.83929,0.84454,0.49394,0.77185,1.67763,1.41048,1.06133,0,0.0011884,0.0011884,0.0011884
31,122.003,0.66313,0.6826,0.68341,0.97501,0,0.73308,0.80357,0.81971,0.64467,0.7287,0.80357,0.77022,0.45398,0.86209,1.8659,1.19892,1.2855,0,0.0011719,0.0011719,0.0011719
32,125.208,0.6765,0.6468,0.64368,0.94476,0,0.86227,0.90179,0.9625,0.79499,0.82631,0.86607,0.91904,0.70951,0.60055,0.80316,1.1321,1.0036,0,0.0011554,0.0011554,0.0011554
33,128.61,0.62685,0.68672,0.61038,0.93413,0,0.89021,0.83036,0.94061,0.76252,0.84805,0.79464,0.87503,0.62712,0.68029,0.85967,0.95169,1.08361,0,0.00113889,0.00113889,0.00113889
34,131.787,0.65317,0.66687,0.63333,0.94287,0,0.68431,0.90179,0.79938,0.61759,0.65042,0.82935,0.69668,0.43476,0.76384,1.85814,1.8462,1.13606,0,0.00112239,0.00112239,0.00112239
35,134.959,0.69099,0.65594,0.65272,0.96627,0,0.88941,0.96429,0.94944,0.72249,0.85183,0.92857,0.90048,0.59612,0.78766,1.438,1.48981,1.18565,0,0.00110589,0.00110589,0.00110589
36,138.119,0.66721,0.63891,0.62056,0.9607,0,0.81413,0.96429,0.95746,0.76496,0.81413,0.96429,0.95746,0.68287,0.65227,1.16585,1.20853,0.99521,0,0.00108938,0.00108938,0.00108938
37,141.287,0.59914,0.54202,0.62241,0.93867,0,0.74398,0.95684,0.95048,0.74525,0.74398,0.95684,0.95048,0.64332,0.73813,1.49398,1.29068,1.16327,0,0.00107288,0.00107288,0.00107288
38,144.387,0.65427,0.63425,0.60809,0.93015,0,0.84875,0.98534,0.9724,0.80815,0.84875,0.98534,0.9724,0.74839,0.65835,0.96866,0.87834,1.01958,0,0.00105638,0.00105638,0.00105638
39,147.691,0.61574,0.57928,0.57284,0.92492,0,0.83936,0.90352,0.95827,0.85892,0.83936,0.90352,0.95827,0.79933,0.52376,0.6351,0.71123,0.89003,0,0.00103987,0.00103987,0.00103987
40,151.044,0.59198,0.58399,0.58976,0.95869,0,0.91833,0.92114,0.93148,0.84276,0.91833,0.92114,0.93148,0.79261,0.5124,0.56475,0.71634,0.86327,0,0.00102337,0.00102337,0.00102337
41,154.3,0.5836,0.61679,0.59773,0.93633,0,0.89878,0.92817,0.94329,0.85274,0.89878,0.92817,0.94329,0.83023,0.5223,0.5227,0.75521,0.85918,0,0.00100687,0.00100687,0.00100687
42,157.746,0.59169,0.53106,0.58457,0.9649,0,0.80786,0.95968,0.89662,0.81478,0.80786,0.95968,0.89662,0.76613,0.53774,0.49481,0.69008,0.88379,0,0.000990365,0.000990365,0.000990365
43,160.977,0.56816,0.56387,0.58332,0.93895,0,0.80512,0.83929,0.883,0.75838,0.80512,0.83929,0.883,0.71487,0.53217,0.53804,0.7535,0.87604,0,0.000973861,0.000973861,0.000973861
44,164.129,0.57344,0.56163,0.55261,0.9009,0,0.76334,0.8681,0.88439,0.7661,0.76334,0.8681,0.88439,0.73276,0.52186,0.53992,0.80426,0.87706,0,0.000957358,0.000957358,0.000957358
45,167.447,0.61668,0.56422,0.60426,0.95707,0,0.74119,0.982,0.90517,0.78074,0.74119,0.982,0.90517,0.73513,0.5082,0.55773,0.68991,0.88356,0,0.000940855,0.000940855,0.000940855
46,170.725,0.60842,0.52483,0.62135,0.93599,0,0.90388,0.8125,0.92925,0.80596,0.90388,0.8125,0.92925,0.75489,0.56511,0.52458,0.85556,0.91786,0,0.000924352,0.000924352,0.000924352
47,173.974,0.55342,0.5168,0.53329,0.92443,0,0.91263,0.95509,0.995,0.8636,0.91263,0.95509,0.995,0.83038,0.57182,0.54,0.61423,0.94693,0,0.000907848,0.000907848,0.000907848
48,177.417,0.56829,0.53752,0.54324,0.91972,0,0.94394,0.96429,0.98632,0.82814,0.94394,0.96429,0.98632,0.81884,0.57077,0.52246,0.58788,1.00761,0,0.000891345,0.000891345,0.000891345
49,180.566,0.55796,0.50178,0.56299,0.93501,0,0.88335,0.94729,0.95692,0.8426,0.88335,0.94729,0.95692,0.79173,0.48938,0.55658,0.61584,0.9562,0,0.000874842,0.000874842,0.000874842
50,183.716,0.57044,0.52518,0.5586,0.93486,0,0.8241,0.96429,0.96285,0.87804,0.8241,0.96429,0.96285,0.83759,0.43315,0.42105,0.61504,0.84248,0,0.000858338,0.000858338,0.000858338
51,187.237,0.53535,0.52548,0.52161,0.88041,0,0.90361,0.94147,0.93535,0.85693,0.90361,0.94147,0.93535,0.79753,0.48083,0.43384,0.5251,0.87801,0,0.000841835,0.000841835,0.000841835
52,190.687,0.55629,0.56356,0.51189,0.94948,0,0.91953,1,0.93972,0.87292,0.91953,1,0.93972,0.83929,0.42268,0.38984,0.44111,0.84425,0,0.000825332,0.000825332,0.000825332
53,193.903,0.50304,0.5032,0.43945,0.89725,0,0.97663,1,0.995,0.93783,0.97663,1,0.995,0.88165,0.41655,0.38039,0.42056,0.83189,0,0.000808828,0.000808828,0.000808828
54,197.406,0.51024,0.54964,0.53547,0.89944,0,0.93406,1,0.995,0.91135,0.93406,1,0.995,0.87856,0.41817,0.37399,0.43131,0.82625,0,0.000792325,0.000792325,0.000792325
55,200.643,0.51202,0.49774,0.49778,0.90913,0,0.8896,0.99342,0.99267,0.92292,0.8896,0.99342,0.99267,0.88615,0.45133,0.3459,0.43882,0.84846,0,0.000775822,0.000775822,0.000775822
56,203.99,0.47685,0.49187,0.47662,0.89958,0,0.97187,0.98914,0.995,0.9325,0.97187,0.98914,0.995,0.89299,0.41817,0.35469,0.46473,0.8408,0,0.000759318,0.000759318,0.000759318
57,207.461,0.51981,0.53378,0.49443,0.90841,0,0.97805,1,0.995,0.93714,0.97805,1,0.995,0.89093,0.3871,0.3397,0.39078,0.82563,0,0.000742815,0.000742815,0.000742815
58,210.884,0.50242,0.46903,0.47552,0.90084,0,0.97352,0.99608,0.995,0.91319,0.97352,0.99608,0.995,0.87295,0.4494,0.36316,0.405,0.90678,0,0.000726312,0.000726312,0.000726312
59,214.208,0.53364,0.51589,0.50982,0.93062,0,0.98712,1,0.995,0.90583,0.98712,1,0.995,0.87066,0.49134,0.39082,0.40848,0.92031,0,0.000709809,0.000709809,0.000709809
60,217.523,0.4905,0.50625,0.47982,0.88662,0,0.98106,1,0.995,0.91502,0.98106,1,0.995,0.87502,0.48173,0.39211,0.41456,0.87607,0,0.000693305,0.000693305,0.000693305
61,220.868,0.47859,0.46837,0.44669,0.9077,0,0.9782,1,0.995,0.93429,0.9782,1,0.995,0.86971,0.4283,0.36071,0.38718,0.85268,0,0.000676802,0.000676802,0.000676802
62,224.201,0.45914,0.48384,0.4523,0.87391,0,0.9799,1,0.995,0.9562,0.9799,1,0.995,0.88377,0.38623,0.34294,0.3778,0.84661,0,0.000660299,0.000660299,0.000660299
63,227.796,0.46004,0.51367,0.44131,0.87486,0,0.98111,1,0.995,0.93062,0.98111,1,0.995,0.87684,0.43308,0.33922,0.38751,0.84587,0,0.000643795,0.000643795,0.000643795
64,231.23,0.50425,0.49142,0.45035,0.89854,0,0.98249,1,0.995,0.92406,0.98249,1,0.995,0.87798,0.42911,0.33012,0.36812,0.84725,0,0.000627292,0.000627292,0.000627292
65,234.599,0.4048,0.44191,0.4097,0.88066,0,0.9799,1,0.995,0.91666,0.9799,1,0.995,0.87879,0.40003,0.35704,0.34183,0.84635,0,0.000610789,0.000610789,0.000610789
66,237.896,0.42588,0.46418,0.41371,0.87946,0,0.98406,1,0.995,0.91398,0.98406,1,0.995,0.83809,0.44534,0.47004,0.3771,0.8575,0,0.000594286,0.000594286,0.000594286
67,241.17,0.46978,0.45022,0.43237,0.88403,0,0.98866,0.95738,0.99063,0.90873,0.98866,0.95738,0.99063,0.77509,0.45143,0.77961,0.38805,0.87178,0,0.000577782,0.000577782,0.000577782
68,244.53,0.45149,0.42093,0.44329,0.90073,0,0.97973,1,0.995,0.92172,0.97973,1,0.995,0.84235,0.41609,0.47985,0.36466,0.84284,0,0.000561279,0.000561279,0.000561279
69,247.784,0.43046,0.43147,0.4026,0.88463,0,0.97413,1,0.995,0.93576,0.97413,1,0.995,0.85704,0.39445,0.45795,0.35083,0.82891,0,0.000544776,0.000544776,0.000544776
70,251.106,0.46203,0.45363,0.4108,0.91543,0,0.98816,1,0.995,0.94785,0.98816,1,0.995,0.84417,0.36772,0.45153,0.33764,0.82526,0,0.000528272,0.000528272,0.000528272
71,254.352,0.42758,0.43826,0.41101,0.86353,0,0.98974,1,0.995,0.9534,0.98974,1,0.995,0.8586,0.36819,0.45368,0.32487,0.82931,0,0.000511769,0.000511769,0.000511769
72,257.686,0.39525,0.4122,0.38916,0.88281,0,0.99138,1,0.995,0.94978,0.99138,1,0.995,0.86707,0.35305,0.41948,0.34223,0.81947,0,0.000495266,0.000495266,0.000495266
73,260.915,0.43925,0.44328,0.42193,0.89528,0,0.95995,1,0.995,0.95547,0.95995,1,0.995,0.87712,0.35007,0.40862,0.3626,0.80635,0,0.000478762,0.000478762,0.000478762
74,264.229,0.46722,0.45883,0.483,0.89094,0,0.9822,1,0.995,0.96165,0.9822,1,0.995,0.88165,0.32505,0.40708,0.32236,0.793,0,0.000462259,0.000462259,0.000462259
75,267.723,0.46639,0.47061,0.46695,0.88502,0,0.97767,1,0.995,0.96252,0.97767,1,0.995,0.88655,0.3159,0.37325,0.30642,0.78512,0,0.000445756,0.000445756,0.000445756
76,271.271,0.45569,0.4455,0.43163,0.91764,0,0.98482,1,0.995,0.96167,0.98482,1,0.995,0.89194,0.33971,0.3563,0.30422,0.79295,0,0.000429253,0.000429253,0.000429253
77,274.798,0.4215,0.41794,0.3912,0.85797,0,0.99051,1,0.995,0.94192,0.99051,1,0.995,0.8848,0.35385,0.33996,0.31385,0.79996,0,0.000412749,0.000412749,0.000412749
78,278.134,0.43731,0.43923,0.40759,0.88138,0,0.99329,1,0.995,0.93458,0.99329,1,0.995,0.88941,0.36357,0.34099,0.31774,0.80051,0,0.000396246,0.000396246,0.000396246
79,281.523,0.41764,0.4316,0.39389,0.89062,0,0.9866,1,0.995,0.94036,0.9866,1,0.995,0.88397,0.36328,0.34545,0.31841,0.78949,0,0.000379743,0.000379743,0.000379743
80,284.992,0.41842,0.42112,0.39979,0.88012,0,0.96951,1,0.995,0.94175,0.96951,1,0.995,0.88327,0.35008,0.34785,0.31286,0.78601,0,0.000363239,0.000363239,0.000363239
81,288.236,0.44666,0.45271,0.36825,0.91092,0,0.9417,1,0.995,0.93787,0.9417,1,0.995,0.88892,0.34773,0.35194,0.29881,0.78581,0,0.000346736,0.000346736,0.000346736
82,291.457,0.46999,0.42312,0.44601,0.88294,0,0.93732,1,0.995,0.9424,0.93732,1,0.995,0.89626,0.32693,0.33499,0.29005,0.77946,0,0.000330233,0.000330233,0.000330233
83,294.679,0.38099,0.39694,0.3705,0.88712,0,0.93542,1,0.98833,0.95192,0.93542,1,0.98833,0.90373,0.32091,0.3171,0.28981,0.77645,0,0.000313729,0.000313729,0.000313729
84,298.169,0.37486,0.38832,0.32762,0.85147,0,0.93642,1,0.995,0.96489,0.93642,1,0.995,0.90127,0.32059,0.3147,0.30039,0.77722,0,0.000297226,0.000297226,0.000297226
85,301.62,0.40038,0.3967,0.34769,0.86771,0,0.93781,1,0.995,0.96811,0.93781,1,0.995,0.90608,0.3233,0.31466,0.31818,0.78238,0,0.000280723,0.000280723,0.000280723
86,305.036,0.38277,0.4727,0.36112,0.87768,0,0.97777,0.96837,0.995,0.97862,0.97777,0.96837,0.995,0.90629,0.32095,0.31478,0.30967,0.78239,0,0.00026422,0.00026422,0.00026422
87,308.385,0.38076,0.41067,0.40142,0.85337,0,0.97364,1,0.995,0.9668,0.97364,1,0.995,0.91026,0.32757,0.31466,0.31017,0.78733,0,0.000247716,0.000247716,0.000247716
88,311.619,0.37933,0.4202,0.37016,0.8686,0,0.98652,1,0.995,0.96721,0.98652,1,0.995,0.90816,0.33004,0.3142,0.30834,0.79038,0,0.000231213,0.000231213,0.000231213
89,314.868,0.40463,0.46478,0.37211,0.86253,0,0.98895,1,0.995,0.96164,0.98895,1,0.995,0.90419,0.33491,0.31481,0.30777,0.79319,0,0.00021471,0.00021471,0.00021471
90,318.012,0.35012,0.36158,0.34943,0.86013,0,0.97157,1,0.995,0.97373,0.97157,1,0.995,0.90004,0.32239,0.31561,0.3012,0.79441,0,0.000198206,0.000198206,0.000198206
91,321.151,0.26843,0.2793,0.26009,0.82869,0,0.97919,1,0.995,0.97176,0.97919,1,0.995,0.90501,0.3202,0.31522,0.29544,0.7924,0,0.000181703,0.000181703,0.000181703
92,324.173,0.27529,0.28349,0.27671,0.81763,0,0.99193,1,0.995,0.97386,0.99193,1,0.995,0.90567,0.32629,0.31263,0.29758,0.79116,0,0.0001652,0.0001652,0.0001652
93,327.12,0.28976,0.30095,0.30705,0.80525,0,0.99116,1,0.995,0.96913,0.99116,1,0.995,0.90112,0.32607,0.30853,0.30192,0.78897,0,0.000148696,0.000148696,0.000148696
94,330.199,0.26806,0.28425,0.26435,0.83518,0,0.98994,1,0.995,0.97067,0.98994,1,0.995,0.9019,0.31687,0.30738,0.29646,0.78099,0,0.000132193,0.000132193,0.000132193
95,333.223,0.28555,0.28535,0.29946,0.84317,0,0.98755,1,0.995,0.97957,0.98755,1,0.995,0.90563,0.30642,0.30836,0.28798,0.77858,0,0.00011569,0.00011569,0.00011569
96,336.377,0.25635,0.26186,0.24956,0.84122,0,0.98017,1,0.995,0.98015,0.98017,1,0.995,0.91043,0.30399,0.30988,0.29106,0.77712,0,9.91865e-05,9.91865e-05,9.91865e-05
97,339.552,0.25771,0.26061,0.24021,0.78861,0,0.9755,1,0.995,0.98065,0.9755,1,0.995,0.91062,0.30949,0.31065,0.28347,0.77811,0,8.26832e-05,8.26832e-05,8.26832e-05
98,342.739,0.25432,0.26019,0.24454,0.83772,0,0.9697,1,0.995,0.98556,0.9697,1,0.995,0.91334,0.31423,0.31059,0.29836,0.77743,0,6.61799e-05,6.61799e-05,6.61799e-05
99,345.966,0.25883,0.26269,0.23822,0.8527,0,0.97114,1,0.995,0.97423,0.97114,1,0.995,0.91336,0.3117,0.30991,0.29811,0.77524,0,4.96766e-05,4.96766e-05,4.96766e-05
100,348.898,0.25498,0.25822,0.24832,0.82956,0,0.96968,1,0.995,0.96802,0.96968,1,0.995,0.90224,0.30551,0.30897,0.29418,0.77116,0,3.31733e-05,3.31733e-05,3.31733e-05
